{"cameraMode":{"drawMode":0,"name":"Shaded","section":"Shading Mode"},"sceneLighting":false,"audioPlay":false,"sceneViewState":{"m_AlwaysRefresh":false,"showFog":true,"showSkybox":false,"showFlares":true,"showImageEffects":true,"showParticleSystems":true,"showVisualEffectGraphs":true,"m_FxEnabled":true},"in2DMode":false,"pivot":{"x":1.0126186609268189,"y":1.3736741542816163,"z":0.33830583095550539},"rotation":{"x":0.7742511630058289,"y":0.006457225885242224,"z":0.007900737226009369,"w":-0.6327982544898987},"size":0.2716616094112396,"orthographic":true}